fiscal_year,sector,sector_name,capital_net_lending,financial_net_lending,capital_net_lending_ratio,financial_net_lending_ratio,capital_financial_difference
1994,nonfinancial_corporations,非金融法人企業,3888.6,-3200.1,0.7,-0.6,7088.7
1994,financial_corporations,金融機関,13482.1,-2909.1,2.6,-0.6,16391.2
1994,general_government,一般政府,-20678.2,-20672.0,-4.0,-4.0,-6.200000000000728
1994,households,家計,20166.3,38734.0,3.9,7.4,-18567.7
1994,npish,対家計民間非営利団体,-966.5,286.0,-0.2,0.1,-1252.5
1994,rest_of_world,海外部門,-12238.8,-12238.8,-2.3,-2.3,0.0
1995,nonfinancial_corporations,非金融法人企業,-7793.5,-8085.9,-1.5,-1.5,292.39999999999964
1995,financial_corporations,金融機関,13952.2,1691.9,2.6,0.3,12260.300000000001
1995,general_government,一般政府,-24459.5,-21855.2,-4.6,-4.1,-2604.2999999999993
1995,households,家計,27015.3,36894.8,5.1,6.9,-9879.500000000004
1995,npish,対家計民間非営利団体,-593.5,742.6,-0.1,0.1,-1336.1
1995,rest_of_world,海外部門,-9388.2,-9388.2,-1.8,-1.8,0.0
1996,nonfinancial_corporations,非金融法人企業,5687.5,-1019.7,1.0,-0.2,6707.2
1996,financial_corporations,金融機関,14046.1,2808.3,2.6,0.5,11237.8
1996,general_government,一般政府,-24011.7,-22870.8,-4.4,-4.2,-1140.9000000000015
1996,households,家計,12509.5,27601.3,2.3,5.0,-15091.8
1996,npish,対家計民間非営利団体,-460.7,437.1,-0.1,0.1,-897.8
1996,rest_of_world,海外部門,-6956.2,-6956.2,-1.3,-1.3,0.0
1997,nonfinancial_corporations,非金融法人企業,-10565.2,-6547.1,-1.9,-1.2,-4018.1000000000004
1997,financial_corporations,金融機関,14696.2,3693.3,2.7,0.7,11002.900000000001
1997,general_government,一般政府,-19771.8,-17369.3,-3.6,-3.1,-2402.5
1997,households,家計,25849.7,31085.3,4.7,5.6,-5235.5999999999985
1997,npish,対家計民間非営利団体,-880.0,1388.8,-0.2,0.3,-2268.8
1997,rest_of_world,海外部門,-12251.0,-12251.0,-2.2,-2.2,0.0
1998,nonfinancial_corporations,非金融法人企業,23287.6,35893.3,4.3,6.6,-12605.700000000004
1998,financial_corporations,金融機関,11817.8,3665.3,2.2,0.7,8152.499999999999
1998,general_government,一般政府,-56679.5,-57597.3,-10.5,-10.6,917.8000000000029
1998,households,家計,33465.6,34264.7,6.2,6.3,-799.0999999999985
1998,npish,対家計民間非営利団体,-2657.1,-3985.2,-0.5,-0.7,1328.1
1998,rest_of_world,海外部門,-12240.8,-12240.8,-2.3,-2.3,0.0
1999,nonfinancial_corporations,非金融法人企業,6293.4,31480.0,1.2,5.9,-25186.6
1999,financial_corporations,金融機関,15922.9,-5975.5,3.0,-1.1,21898.4
1999,general_government,一般政府,-39294.8,-38429.6,-7.3,-7.2,-865.2000000000044
1999,households,家計,29739.4,20387.8,5.5,3.8,9351.600000000002
1999,npish,対家計民間非営利団体,-2568.1,4575.6,-0.5,0.9,-7143.700000000001
1999,rest_of_world,海外部門,-12038.3,-12038.3,-2.2,-2.2,0.0
2000,nonfinancial_corporations,非金融法人企業,13667.8,8598.7,2.5,1.6,5069.0999999999985
2000,financial_corporations,金融機関,15201.0,17797.2,2.8,3.3,-2596.2000000000007
2000,general_government,一般政府,-34612.0,-31839.6,-6.3,-5.8,-2772.4000000000015
2000,households,家計,23932.6,15549.9,4.4,2.8,8382.699999999999
2000,npish,対家計民間非営利団体,-2446.5,2822.4,-0.4,0.5,-5268.9
2000,rest_of_world,海外部門,-12928.6,-12928.6,-2.4,-2.4,0.0
2001,nonfinancial_corporations,非金融法人企業,14687.9,19909.4,2.7,3.7,-5221.500000000002
2001,financial_corporations,金融機関,16572.9,13340.6,3.1,2.5,3232.300000000001
2001,general_government,一般政府,-33075.8,-37366.5,-6.2,-7.0,4290.699999999997
2001,households,家計,14205.2,13744.3,2.7,2.6,460.90000000000146
2001,npish,対家計民間非営利団体,-2453.5,1378.5,-0.5,0.3,-3832.0
2001,rest_of_world,海外部門,-11006.3,-11006.3,-2.1,-2.1,0.0
2002,nonfinancial_corporations,非金融法人企業,32606.2,29288.0,6.1,5.5,3318.2000000000007
2002,financial_corporations,金融機関,20078.3,10916.7,3.8,2.1,9161.599999999999
2002,general_government,一般政府,-40590.4,-36680.9,-7.7,-6.9,-3909.5
2002,households,家計,1545.3,10564.5,0.3,2.0,-9019.2
2002,npish,対家計民間非営利団体,-1985.6,-1306.3,-0.4,-0.2,-679.3
2002,rest_of_world,海外部門,-12782.0,-12782.0,-2.4,-2.4,0.0
2003,nonfinancial_corporations,非金融法人企業,30810.2,40335.6,5.8,7.6,-9525.399999999998
2003,financial_corporations,金融機関,16438.3,9423.5,3.1,1.8,7014.799999999999
2003,general_government,一般政府,-36988.8,-38837.0,-6.9,-7.3,1848.199999999997
2003,households,家計,7190.7,4319.3,1.4,0.8,2871.3999999999996
2003,npish,対家計民間非営利団体,-862.5,2029.3,-0.2,0.4,-2891.8
2003,rest_of_world,海外部門,-17270.7,-17270.7,-3.2,-3.2,0.0
2004,nonfinancial_corporations,非金融法人企業,36787.6,29122.3,6.9,5.4,7665.299999999999
2004,financial_corporations,金融機関,12743.9,13252.2,2.4,2.5,-508.3000000000011
2004,general_government,一般政府,-26931.4,-31268.5,-5.0,-5.8,4337.0999999999985
2004,households,家計,-1068.8,5115.0,-0.2,1.0,-6183.8
2004,npish,対家計民間非営利団体,-572.3,2604.6,-0.1,0.5,-3176.8999999999996
2004,rest_of_world,海外部門,-18825.6,-18825.6,-3.5,-3.5,0.0
2005,nonfinancial_corporations,非金融法人企業,29736.2,7857.6,5.5,1.5,21878.6
2005,financial_corporations,金融機関,6495.8,22965.0,1.2,4.3,-16469.2
2005,general_government,一般政府,-21564.1,-21215.4,-4.0,-3.9,-348.6999999999971
2005,households,家計,1183.5,8917.0,0.2,1.7,-7733.5
2005,npish,対家計民間非営利団体,-1042.8,167.2,-0.2,0.0,-1210.0
2005,rest_of_world,海外部門,-18691.4,-18691.4,-3.5,-3.5,0.0
2006,nonfinancial_corporations,非金融法人企業,13206.6,-4280.7,2.4,-0.8,17487.3
2006,financial_corporations,金融機関,14479.5,16943.8,2.7,3.1,-2464.2999999999993
2006,general_government,一般政府,-16371.0,-13110.0,-3.0,-2.4,-3261.0
2006,households,家計,10538.8,19920.8,1.9,3.7,-9382.0
2006,npish,対家計民間非営利団体,-318.0,1904.0,-0.1,0.4,-2222.0
2006,rest_of_world,海外部門,-21377.9,-21377.9,-3.9,-3.9,0.0
2007,nonfinancial_corporations,非金融法人企業,15647.9,14506.2,2.9,2.7,1141.699999999999
2007,financial_corporations,金融機関,13180.4,3698.2,2.4,0.7,9482.2
2007,general_government,一般政府,-15695.0,-11025.7,-2.9,-2.0,-4669.299999999999
2007,households,家計,11821.4,17727.8,2.2,3.3,-5906.4
2007,npish,対家計民間非営利団体,-243.6,-954.5,0.0,-0.2,710.9
2007,rest_of_world,海外部門,-23952.0,-23952.0,-4.4,-4.4,0.0
2008,nonfinancial_corporations,非金融法人企業,7534.5,10093.4,1.4,1.9,-2558.8999999999996
2008,financial_corporations,金融機関,10714.5,11506.1,2.1,2.2,-791.6000000000004
2008,general_government,一般政府,-27871.5,-27070.2,-5.3,-5.2,-801.2999999999993
2008,households,家計,16174.7,14559.2,3.1,2.8,1615.5
2008,npish,対家計民間非営利団体,-477.2,1106.1,-0.1,0.2,-1583.3
2008,rest_of_world,海外部門,-10194.6,-10194.6,-2.0,-2.0,0.0
2009,nonfinancial_corporations,非金融法人企業,31597.2,31031.3,6.3,6.2,565.9000000000015
2009,financial_corporations,金融機関,8782.0,16720.7,1.8,3.3,-7938.700000000001
2009,general_government,一般政府,-50405.0,-46177.2,-10.1,-9.2,-4227.800000000003
2009,households,家計,28265.3,14184.1,5.6,2.8,14081.199999999999
2009,npish,対家計民間非営利団体,-948.8,507.6,-0.2,0.1,-1456.4
2009,rest_of_world,海外部門,-16266.5,-16266.5,-3.2,-3.2,0.0
2010,nonfinancial_corporations,非金融法人企業,40441.2,31661.0,7.9,6.2,8780.199999999997
2010,financial_corporations,金融機関,5591.0,5044.9,1.1,1.0,546.1000000000004
2010,general_government,一般政府,-45065.6,-39986.6,-8.9,-7.9,-5079.0
2010,households,家計,19671.0,20250.6,3.9,4.0,-579.5999999999985
2010,npish,対家計民間非営利団体,51.2,811.8,0.0,0.2,-760.5999999999999
2010,rest_of_world,海外部門,-17781.7,-17781.7,-3.5,-3.5,0.0
2011,nonfinancial_corporations,非金融法人企業,30108.3,25243.4,6.0,5.0,4864.899999999998
2011,financial_corporations,金融機関,6421.6,3754.4,1.3,0.7,2667.2000000000003
2011,general_government,一般政府,-44793.6,-41125.7,-8.9,-8.2,-3667.9000000000015
2011,households,家計,16736.4,21478.8,3.3,4.3,-4742.399999999998
2011,npish,対家計民間非営利団体,-803.1,-903.0,-0.2,-0.2,99.89999999999998
2011,rest_of_world,海外部門,-8447.9,-8447.9,-1.7,-1.7,0.0
2012,nonfinancial_corporations,非金融法人企業,32506.0,20110.3,6.4,4.0,12395.7
2012,financial_corporations,金融機関,5166.5,4927.4,1.0,1.0,239.10000000000036
2012,general_government,一般政府,-41193.4,-36509.3,-8.2,-7.2,-4684.0999999999985
2012,households,家計,6985.9,15552.6,1.4,3.1,-8566.7
2012,npish,対家計民間非営利団体,-252.3,-202.5,-0.1,0.0,-49.80000000000001
2012,rest_of_world,海外部門,-3878.5,-3878.5,-0.8,-0.8,0.0
2013,nonfinancial_corporations,非金融法人企業,38638.9,27101.6,7.4,5.2,11537.300000000003
2013,financial_corporations,金融機関,4869.6,1907.0,0.9,0.4,2962.6000000000004
2013,general_government,一般政府,-37646.9,-32369.9,-7.3,-6.2,-5277.0
2013,households,家計,-4210.4,5232.3,-0.8,1.0,-9442.7
2013,npish,対家計民間非営利団体,-157.2,-61.9,0.0,0.0,-95.29999999999998
2013,rest_of_world,海外部門,-1809.1,-1809.1,-0.3,-0.3,0.0
2014,nonfinancial_corporations,非金融法人企業,30365.5,16660.9,5.7,3.1,13704.599999999999
2014,financial_corporations,金融機関,3789.6,-5819.3,0.7,-1.1,9608.9
2014,general_government,一般政府,-27153.2,-23836.0,-5.1,-4.5,-3317.2000000000007
2014,households,家計,-682.8,19279.8,-0.1,3.6,-19962.6
2014,npish,対家計民間非営利団体,858.5,2147.0,0.2,0.4,-1288.5
2014,rest_of_world,海外部門,-8432.4,-8432.4,-1.6,-1.6,0.0
2015,nonfinancial_corporations,非金融法人企業,36505.5,24170.0,6.6,4.4,12335.5
2015,financial_corporations,金融機関,-653.2,-2263.9,-0.1,-0.4,1610.7
2015,general_government,一般政府,-19493.2,-14620.4,-3.5,-2.6,-4872.800000000001
2015,households,家計,1997.1,11345.7,0.4,2.1,-9348.6
2015,npish,対家計民間非営利団体,638.3,-1036.6,0.1,-0.2,1674.8999999999999
2015,rest_of_world,海外部門,-17594.8,-17594.8,-3.2,-3.2,0.0
2016,nonfinancial_corporations,非金融法人企業,35421.5,7768.8,6.4,1.4,27652.7
2016,financial_corporations,金融機関,-872.0,6370.6,-0.2,1.1,-7242.6
2016,general_government,一般政府,-18958.3,-13584.0,-3.4,-2.4,-5374.299999999999
2016,households,家計,4488.5,18578.3,0.8,3.3,-14089.8
2016,npish,対家計民間非営利団体,710.6,2294.9,0.1,0.4,-1584.3000000000002
2016,rest_of_world,海外部門,-21428.6,-21428.6,-3.9,-3.9,0.0
2017,nonfinancial_corporations,非金融法人企業,33093.3,19424.2,5.8,3.4,13669.100000000002
2017,financial_corporations,金融機関,305.7,2293.9,0.1,0.4,-1988.2
2017,general_government,一般政府,-16452.9,-12281.2,-2.9,-2.2,-4171.700000000001
2017,households,家計,2970.7,10222.0,0.5,1.8,-7251.3
2017,npish,対家計民間非営利団体,535.9,2435.1,0.1,0.4,-1899.1999999999998
2017,rest_of_world,海外部門,-22094.0,-22094.0,-3.9,-3.9,0.0
2018,nonfinancial_corporations,非金融法人企業,25583.2,9288.9,4.5,1.6,16294.300000000001
2018,financial_corporations,金融機関,1350.7,251.0,0.2,0.0,1099.7
2018,general_government,一般政府,-13495.6,-10580.0,-2.4,-1.9,-2915.6000000000004
2018,households,家計,6800.7,21134.9,1.2,3.7,-14334.2
2018,npish,対家計民間非営利団体,2048.7,-875.9,0.4,-0.2,2924.6
2018,rest_of_world,海外部門,-19218.9,-19218.9,-3.4,-3.4,0.0
2019,nonfinancial_corporations,非金融法人企業,18882.7,4067.3,3.3,0.7,14815.400000000001
2019,financial_corporations,金融機関,2934.6,9260.0,0.5,1.6,-6325.4
2019,general_government,一般政府,-17512.8,-12823.4,-3.1,-2.2,-4689.4
2019,households,家計,12607.9,17811.7,2.2,3.1,-5203.800000000001
2019,npish,対家計民間非営利団体,995.9,-104.8,0.2,0.0,1100.7
2019,rest_of_world,海外部門,-18210.8,-18210.8,-3.2,-3.2,0.0
2020,nonfinancial_corporations,非金融法人企業,24359.5,6338.6,4.4,1.1,18020.9
2020,financial_corporations,金融機関,6503.1,18943.4,1.2,3.4,-12440.300000000001
2020,general_government,一般政府,-55614.7,-51597.8,-10.0,-9.3,-4016.899999999994
2020,households,家計,37465.5,40659.0,6.8,7.3,-3193.5
2020,npish,対家計民間非営利団体,2016.3,2382.0,0.4,0.4,-365.70000000000005
2020,rest_of_world,海外部門,-16725.2,-16725.2,-3.0,-3.0,0.0
2021,nonfinancial_corporations,非金融法人企業,25104.5,15085.9,4.4,2.6,10018.6
2021,financial_corporations,金融機関,7500.7,7122.1,1.3,1.2,378.59999999999945
2021,general_government,一般政府,-35852.0,-35742.3,-6.2,-6.2,-109.69999999999709
2021,households,家計,19165.9,30090.4,3.3,5.2,-10924.5
2021,npish,対家計民間非営利団体,2235.9,3195.1,0.4,0.6,-959.1999999999998
2021,rest_of_world,海外部門,-19751.2,-19751.2,-3.4,-3.4,0.0
2022,nonfinancial_corporations,非金融法人企業,14810.9,11439.9,2.5,1.9,3371.0
2022,financial_corporations,金融機関,4899.5,-1937.9,0.8,-0.3,6837.4
2022,general_government,一般政府,-19958.8,-21413.7,-3.4,-3.6,1454.9000000000015
2022,households,家計,8746.4,17404.6,1.5,2.9,-8658.199999999999
2022,npish,対家計民間非営利団体,399.5,3428.4,0.1,0.6,-3028.9
2022,rest_of_world,海外部門,-8921.3,-8921.3,-1.5,-1.5,0.0
2023,nonfinancial_corporations,非金融法人企業,25530.3,19781.5,4.1,3.2,5748.799999999999
2023,financial_corporations,金融機関,7156.4,5968.3,1.2,1.0,1188.0999999999995
2023,general_government,一般政府,-11906.5,-14731.5,-1.9,-2.4,2825.0
2023,households,家計,5249.0,11895.5,0.8,1.9,-6646.5
2023,npish,対家計民間非営利団体,-1498.1,2957.7,-0.2,0.5,-4455.799999999999
2023,rest_of_world,海外部門,-25871.5,-25871.5,-4.2,-4.2,0.0
2024,nonfinancial_corporations,非金融法人企業,13856.2,23927.6,2.2,3.7,-10071.399999999998
2024,financial_corporations,金融機関,5220.1,3814.3,0.8,0.6,1405.8000000000002
2024,general_government,一般政府,-8911.9,-5757.4,-1.4,-0.9,-3154.5
2024,households,家計,12881.2,6026.3,2.0,0.9,6854.900000000001
2024,npish,対家計民間非営利団体,-237.1,1230.9,0.0,0.2,-1468.0
2024,rest_of_world,海外部門,-29241.7,-29241.7,-4.6,-4.6,0.0
