year,cpi,gross_salary_yen,actual_income_tax_yen,actual_resident_tax_yen,actual_pension_yen,actual_health_insurance_yen,actual_employment_insurance_yen,actual_total_deductions_yen,actual_nominal_take_home_yen,actual_real_take_home_yen,actual_effective_burden_rate,fixed_1990_gross_salary_yen,fixed_1990_income_tax_yen,fixed_1990_resident_tax_yen,fixed_1990_pension_yen,fixed_1990_health_insurance_yen,fixed_1990_employment_insurance_yen,fixed_1990_total_deductions_yen,fixed_1990_nominal_take_home_yen,fixed_1990_effective_burden_rate,fixed_1990_real_take_home_yen,income_tax_yen_difference_yen,resident_tax_yen_difference_yen,pension_yen_difference_yen,health_insurance_yen_difference_yen,employment_insurance_yen_difference_yen,total_deductions_yen_difference_yen,nominal_take_home_yen_difference_yen,real_take_home_difference_yen,burden_rate_difference_pt,fixed_policy_year
1990,89.71666666666665,3939398.0,195500.0,122200.0,205920.0,123798.6,21666.689,669085.289,3270312.711,3645156.281998886,0.1698445521371539,3939397.9999999995,195500.0,122200.0,205920.0,123798.6,21666.689,669085.289,3270312.7109999997,0.16984455213715396,3645156.2819988853,0.0,0.0,0.0,0.0,0.0,0.0,4.656612873077393e-10,4.656612873077393e-10,-5.551115123125783e-15,1990
1991,92.675,4133949.0,207900.0,134600.0,226200.0,134055.6,22736.7195,725492.3195,3408456.6805,3677859.9196115457,0.1754961949216112,4133948.9999999995,208200.0,134900.0,223080.0,134055.6,22736.7195,722972.3195,3410976.6805,0.17488660830116676,3680579.099541408,-300.0,-300.0,3120.0,0.0,0.0,2520.0,-2520.0,-2719.1799298622645,0.06095866204444411,1990
1992,94.16666666666669,4219054.0,215200.0,141900.0,226200.0,131727.6,19788.19975,734815.7997499999,3484238.20025,3700075.9648672566,0.1741660096670959,4219054.0,214900.0,141600.0,223080.0,134067.6,23204.797,736852.397,3482201.603,0.17464872386084654,3697913.206725663,300.0,300.0,3120.0,-2340.0,-3416.597249999999,-2036.597250000108,2036.597250000108,2162.758141593542,-0.04827141937506496,1990
1993,95.25,4227560.0,213500.0,112700.0,243600.0,140680.2,17316.991375,727797.1913749999,3499762.808625,3674291.6625984255,0.1721553783683732,4227560.0,212900.0,139600.0,240240.0,144040.2,23251.58,760031.78,3467528.2199999997,0.17978024676172544,3640449.5748031493,600.0,-26900.0,3360.0,-3360.0,-5934.588625,-32234.58862500009,32234.588625000324,33842.087795276195,-0.7624868393352247,1990
1994,95.725,4296449.0,174800.0,105900.0,249200.0,140671.2,17185.796,687756.996,3608692.004,3769853.229563854,0.1600756801721607,4296449.0,218400.0,145100.0,240240.0,144031.2,23630.4695,771401.6695000001,3525047.3305,0.17954400703930154,3682473.0535387835,-43600.0,-39200.0,8960.0,-3360.0,-6444.673500000001,-83644.67350000003,83644.67350000003,87380.17602507072,-1.946832686714084,1990
1995,95.46666666666664,4346778.0,179900.0,102600.0,282036.0,140661.6,17387.112,722584.712,3624193.288,3796291.851955307,0.1662345562621325,4346778.0,222400.0,149100.0,240240.0,144021.6,23907.279,779668.879,3567109.1210000003,0.17936708039840082,3736496.984287711,-42500.0,-46500.0,41796.0,-3360.0,-6520.166999999998,-57084.1669999999,57084.1669999999,59794.86766759632,-1.3132524136268335,1990
1996,95.425,4385311.0,182200.0,122900.0,285598.0,140656.8,17541.244,748896.044,3636414.956,3810757.0930049783,0.1707737590332818,4385311.0,225400.0,152100.0,240240.0,144016.8,24119.2105,785876.0105,3599434.9895,0.1792064486418409,3772004.1807702384,-43200.0,-29200.0,45358.0,-3360.0,-6577.966500000002,-36979.96649999998,36979.96649999963,38752.912234739866,-0.8432689608559113,1990
1997,97.03333333333336,4455681.0,218700.0,110200.0,296440.0,142416.0,17822.724,785578.7239999999,3670102.276,3782310.8306423905,0.176309462908139,4455681.0,231000.0,157700.0,240240.0,144096.0,24506.2455,797542.2455,3658138.7545,0.17899446695129206,3769981.5401923726,-12300.0,-47500.0,56200.0,-1680.0,-6683.521500000003,-11963.521500000032,11963.521500000264,12329.2904500179,-0.26850040431530553,1990
1998,97.625,4396230.0,175700.0,104300.0,296189.0,145625.4,17584.92,739399.3200000001,3656830.68,3745793.2701664534,0.168189407742543,4396230.0,226300.0,153000.0,240240.0,143945.4,24179.265,787664.665,3608565.335,0.17916821117184498,3696353.736235596,-50600.0,-48700.0,55949.0,1680.0,-6594.345000000001,-48265.34499999997,48265.345000000205,49439.533930857666,-1.0978803429301964,1990
1999,97.26666666666668,4242771.0,161200.0,94100.0,295816.0,145401.6,16971.084,713488.684,3529282.316,3628460.228923921,0.1681657303681956,4242771.0,214100.0,140800.0,240240.0,143721.6,23335.2405,762196.8404999999,3480574.1595,0.17964600033798664,3578383.3031185744,-52900.0,-46700.0,55576.0,1680.0,-6364.156500000001,-48708.156499999925,48708.15650000004,50076.925805346575,-1.148026996979104,1990
2000,96.4,4263666.0,162500.0,95400.0,295767.0,145372.2,17054.664,716093.8640000001,3547572.136,3680054.082987552,0.1679526173016367,4263666.0,215800.0,142500.0,240240.0,143692.2,23450.163,765682.363,3497983.637,0.17958310125605523,3628613.7313278005,-53300.0,-47100.0,55527.0,1680.0,-6395.499,-49588.49899999995,49588.498999999836,51440.3516597515,-1.1630483954418542,1990
2001,95.475,4214732.0,158900.0,91600.0,295640.0,145296.0,23597.0875,715033.0875,3499698.9125,3665565.763288819,0.1696509024773105,4214732.0,211900.0,138600.0,240240.0,143616.0,23181.026,757537.0260000001,3457194.974,0.17973551485598613,3621047.3673736583,-53000.0,-47000.0,55400.0,1680.0,416.0614999999998,-42503.93850000005,42503.938500000164,44518.39591516089,-1.008461237867564,1990
2002,94.5,4118610.0,152600.0,86700.0,295340.0,145116.0,25934.34575,705690.34575,3412919.65425,3611555.189682539,0.1713418715901724,4118610.0,204300.0,131000.0,240240.0,143436.0,22652.355,741628.355,3376981.645,0.18006763325490882,3573525.55026455,-51700.0,-44300.0,55100.0,1680.0,3281.990750000001,-35938.00925,35938.00925000012,38029.63941798918,-0.8725761664736431,1990
2003,94.18333333333334,4101479.0,149300.0,85400.0,295310.4,170016.0,28710.353,728736.753,3372742.247,3581039.3703769245,0.1776765778881228,4101479.0,202900.0,129600.0,240240.0,143389.2,22558.1345,738687.3345,3362791.6655,0.1801026738159576,3570474.2511059986,-53600.0,-44200.0,55070.40000000002,26626.79999999999,6152.218499999999,-9950.581499999971,9950.581499999855,10565.119270925876,-0.24260959278347982,1990
2004,94.18333333333334,3998628.0,144200.0,82700.0,279843.85,167690.0,27990.396,702424.246,3296203.7539999997,3499773.938064059,0.1756663150460608,3998628.0,194800.0,121500.0,240240.0,143310.6,21992.454,721843.054,3276784.946,0.1805226827801936,3479155.8442753493,-50600.0,-38800.0,39603.84999999998,24379.399999999994,5997.941999999999,-19418.80799999996,19418.807999999728,20618.09378870949,-0.48563677341327827,1990
2005,93.8,4025982.0,144900.0,90100.0,288566.52,168264.0,31387.84375,723218.36375,3302763.63625,3521069.974680171,0.1796377539069971,4025982.0,197000.0,123700.0,240240.0,143357.4,22142.901,726440.301,3299541.699,0.1804380399614305,3517635.0735607683,-52100.0,-33600.0,48326.52000000002,24906.600000000006,9244.942749999998,-3221.937249999959,3221.937249999959,3434.9011194026098,-0.08002860544334134,1990
2006,94.1,4035655.0,162900.0,187500.0,296698.5,168756.0,32285.24,848139.74,3187515.26,3387370.0956429327,0.2101616069758193,4035655.0,197700.0,124400.0,240240.0,143393.4,22196.1025,727929.5025,3307725.4975,0.18037456187409479,3515117.425611052,-34800.0,63100.0,56458.5,25362.600000000006,10089.1375,120210.23750000005,-120210.23750000028,-127747.3299681195,2.97870451017245,1990
2007,94.175,3966176.0,89200.0,185000.0,284048.97,157686.0,25416.69,741351.6599999999,3224824.34,3424289.1850278736,0.1869184978175451,3966176.0,194900.0,121600.0,223080.0,133220.4,21813.968,694614.368,3271561.632,0.17513452958214665,3473917.315635785,-105700.0,63400.0,60968.96999999997,24465.600000000006,3602.721999999998,46737.2919999999,-46737.292000000365,-49628.130607911386,1.1783968235398457,1990
2008,95.68333333333334,3980167.0,88100.0,182800.0,309144.92,167608.0,23881.002,771533.922,3208633.0779999997,3353387.6446612086,0.193844610540211,3980167.0,193300.0,120000.0,240240.0,143305.2,21890.9185,718736.1185,3261430.8815,0.1805793873724394,3408567.373105731,-105200.0,62800.0,68904.91999999998,24302.79999999999,1990.0835000000006,52797.80350000004,-52797.80350000039,-55179.72844452225,1.3265223167771594,1990
2009,94.25,3793744.0,82600.0,171800.0,290676.66,153996.0,16753.5,715826.1599999999,3077917.84,3265695.3209549068,0.1886859419085736,3793744.0,181300.0,108000.0,223080.0,132949.8,20865.592,666195.392,3127548.608,0.1756036759465056,3318353.9607427055,-98700.0,63800.0,67596.65999999997,21046.20000000001,-4112.092000000001,49630.76799999992,-49630.76800000016,-52658.63978779875,1.308226596206799,1990
2010,93.53333333333336,3817755.0,82000.0,170600.0,298436.45,173095.0,21322.9285,745454.3785,3072300.6215,3284711.997327155,0.1952598787769252,3817755.0,183200.0,109900.0,223080.0,132991.2,20997.6525,670168.8525,3147586.1475,0.17554003661837914,3365202.5810762644,-101200.0,60700.0,75356.45000000001,40103.79999999999,325.27600000000166,75285.52599999995,-75285.52600000007,-80490.58374910941,1.9719842158546053,1990
2011,93.25,3811251.0,81000.0,168600.0,305434.05,178849.0,22867.506,756750.556,3054500.444,3275603.6932975873,0.1985569976892101,3811251.0,182600.0,109300.0,223080.0,133003.8,20961.8805,668945.6805,3142305.3195,0.17551866316335502,3369764.4176943703,-101600.0,59300.0,82354.04999999999,45845.20000000001,1905.625500000002,87804.87549999997,-87804.87550000008,-94160.72439678293,2.3038334525855078,1990
2012,93.26666666666668,3781888.0,79400.0,165400.0,310123.35,186200.0,19697.06375,760820.4137499998,3021067.58625,3239171.822283774,0.2011747607940795,3781888.0,180300.0,107000.0,223080.0,132933.6,20800.384,664113.9839999999,3117774.016,0.17560382116022472,3342859.917083631,-100900.0,58400.0,87043.34999999998,53266.399999999994,-1103.320249999997,96706.4297499999,-96706.42974999966,-103688.09479985666,2.557093963385479,1990
2013,93.71666666666664,3789233.0,80900.0,166000.0,318285.72,188400.0,18946.165,772531.885,3016701.115,3218959.041436956,0.2038755296916289,3789232.9999999995,180900.0,107600.0,223080.0,132984.6,20840.7815,665405.3815,3123827.6184999994,0.17560424009291592,3333267.9550062246,-100000.0,58400.0,95205.71999999997,55415.399999999994,-1894.6165,107126.50349999999,-107126.50349999918,-114308.91356926877,2.827128959871297,1990
2014,96.84166666666664,3826178.0,81900.0,168000.0,327030.72,189600.0,19130.89,785661.61,3040516.39,3139677.8831425873,0.2053384892182224,3826178.0,183800.0,110500.0,223080.0,133056.0,21043.979,671479.979,3154698.0209999997,0.1754962730432301,3257583.3621891406,-101900.0,57500.0,103950.71999999997,56544.0,-1913.089,114181.63099999994,-114181.63099999959,-117905.47904655337,2.98422161749923,1990
2015,97.8,3786062.0,80000.0,164300.0,332506.99,188900.0,18930.31,784637.3,3001424.7,3068941.411042945,0.2072436478853225,3786062.0,180600.0,107300.0,223080.0,133017.0,20823.341,664820.341,3121241.659,0.17559679186447555,3191453.6390593047,-100600.0,57000.0,109426.98999999999,55883.0,-1893.030999999999,119816.95900000003,-119816.9589999998,-122512.22801635973,3.1646856020846963,1990
2016,97.70833333333331,3810038.0,80700.0,165600.0,340634.45,189700.0,16023.6975,792658.1475,3017379.8525,3088149.9556503203,0.2080446828876772,3810038.0000000005,182500.0,109200.0,223080.0,133067.4,20955.209,668802.6089999999,3141235.3910000008,0.17553699175703755,3214910.421492539,-101800.0,56400.0,117554.45000000001,56632.600000000006,-4931.511499999999,123855.53850000002,-123855.53850000072,-126760.4658422186,3.2507691130639644,1990
2017,98.30833333333334,3828490.0,81300.0,166900.0,346089.79,189900.0,12272.6745,796462.4645,3032027.5355,3084201.9518521656,0.2080356653667634,3828490.0,184000.0,110700.0,223080.0,133078.8,21056.695,671915.495,3156574.505,0.17550404859357083,3210892.0962956683,-102700.0,56200.0,123009.78999999998,56821.20000000001,-8784.0205,124546.9695,-124546.96949999966,-126690.14444350265,3.253161677319258,1990
2018,99.48333333333332,3878785.0,83200.0,170500.0,349713.0,191100.0,11636.355,806149.355,3072635.645,3088593.3774501593,0.2078355348388735,3878785.0,188000.0,114700.0,223080.0,133151.4,21333.3175,680264.7175,3198520.2824999997,0.17538087764596388,3215131.796783381,-104800.0,55800.0,126633.0,57948.600000000006,-9696.962500000001,125884.63749999995,-125884.63749999972,-126538.41933322186,3.2454657192909604,1990
2019,100.04166666666669,3866735.0,82700.0,169600.0,349164.0,190800.0,11600.205,803864.205,3062870.795,3061595.130362349,0.2078922411284972,3866735.0,187000.0,113700.0,223080.0,133129.8,21267.0425,678176.8425,3188558.1574999997,0.17538746319569354,3187230.1449396075,-104300.0,55900.0,126084.0,57670.20000000001,-9666.8375,125687.36249999993,-125687.36249999981,-125635.01457725838,3.250477793280365,1990
2020,100.0,3819595.0,81000.0,166200.0,346785.0,189500.0,11458.785,794943.785,3024651.215,3024651.215,0.2081225326245322,3819595.0,183300.0,110000.0,223080.0,133054.8,21007.7725,670442.5725,3149152.4275,0.1755271363848785,3149152.4275,-102300.0,56200.0,123705.0,56445.20000000001,-9548.9875,124501.21250000002,-124501.21250000037,-124501.21250000037,3.259539623965371,1990
2021,99.69166666666666,3830993.0,81500.0,167200.0,346419.0,189300.0,11492.979,795911.979,3035081.0209999997,3044468.1310708015,0.2077560514989195,3830993.0,184200.0,110900.0,223080.0,133038.0,21070.4615,672288.4615,3158704.5385,0.1754867371201148,3168474.0,-102700.0,56300.0,123339.0,56262.0,-9577.482500000002,123623.51750000007,-123623.51750000007,-124005.86892919848,3.2269314378804674,1990
2022,102.65,3906324.0,84200.0,172600.0,349164.0,190800.0,14020.561,810784.561,3095539.439,3015625.366780322,0.2075569156577897,3906324.0,190200.0,116900.0,223080.0,133130.4,21484.782,684795.182,3221528.818,0.17530424562837083,3138362.219191427,-106000.0,55700.0,126084.0,57669.600000000006,-7464.221,125989.37899999996,-125989.37900000019,-122736.85241110483,3.225267002941887,1990
2023,106.58333333333331,3953006.0,83800.0,161800.0,372405.0,203500.0,22907.3805,844412.3805,3108593.6195,2916585.1003909307,0.2136127242154451,3953006.0,191200.0,117900.0,240240.0,143250.6,21741.533,714332.1329999999,3238673.867,0.18070605837684028,3038630.680531666,-107400.0,43900.0,132165.0,60249.399999999994,1165.8474999999999,130080.24750000006,-130080.24750000006,-122045.58014073549,3.2906665838604825,1990
2024,109.975,4171715.0,61500.0,188000.0,379542.0,207400.0,25030.29,861472.29,3310242.71,3009995.6444646507,0.2065031503829959,4171715.0,208500.0,135200.0,240240.0,143485.2,22944.4325,750369.6325000001,3421345.3674999997,0.1798707803625128,3111021.0206865193,-147000.0,52800.0,139302.0,63914.79999999999,2085.857500000002,111102.65749999997,-111102.65749999974,-101025.37622186868,2.6632370020483105,1990
2025,114.025,4267634.0,75500.0,195400.0,382287.0,208900.0,23903.0995,885990.0995,3381643.9005,2965703.9250164437,0.2076068612022493,4267634.0,216100.0,142800.0,240240.0,143575.8,23471.987,766187.787,3501446.213,0.17953455872738852,3070770.6318789735,-140600.0,52600.0,142047.0,65324.20000000001,431.1124999999993,119802.3125,-119802.3125,-105066.70686252974,2.8072302474860784,1990
