year,timing,resident_tax_income_year,monthly_total_cash_earnings_yen,monthly_regular_earnings_yen,monthly_special_earnings_yen,annual_regular_pay_yen,annual_bonus_yen,gross_salary_yen,pension_yen,health_insurance_yen,long_term_care_yen,employment_insurance_yen,social_insurance_yen,salary_income_deduction_yen,salary_income_yen,basic_deduction_yen,other_income_deductions_yen,taxable_income_yen,base_income_tax_yen,income_tax_yen,after_income_tax_and_social_insurance_yen,resident_tax_assessment_year,resident_basic_deduction_yen,resident_taxable_income_yen,base_resident_income_levy_yen,resident_adjustment_credit_yen,resident_other_reduction_yen,resident_income_levy_yen,resident_per_capita_yen,forest_environment_tax_yen,resident_tax_yen,total_deductions_yen,nominal_take_home_yen,effective_burden_rate,take_home_rate,cpi,real_gross_salary_yen,real_take_home_yen,gross_salary_index,nominal_take_home_index,real_gross_salary_index,real_take_home_index,income_tax_rate,resident_tax_rate,pension_rate_effective,health_insurance_rate_effective,employment_insurance_rate_effective,component_burden_rate_sum,component_burden_rate_error
1990,income_year,1990,328283.1666666667,249431.16666666666,78852.0,2993174.0,946224.0,3939398.0,205920.0,123798.6,0.0,21666.689,351385.289,1282879.6,2656518.4,350000.0,0.0,1955000.0,195500.0,195500.0,3392512.711,1991,310000.0,1995000.0,119500.0,0.0,0.0,119500.0,2700.0,0.0,122200.0,669085.289,3270312.711,0.16984455213715394,0.8301554478628461,89.71666666666665,4390932.193943898,3645156.281998886,100.0,100.0,100.0,100.0,0.04962687192307048,0.03101996802557142,0.05227194611968631,0.031425766068825745,0.0055,0.16984455213715396,-2.7755575615628914e-17
1991,income_year,1991,344495.75,260722.91666666666,83772.83333333333,3128675.0,1005274.0,4133949.0,226200.0,134055.6,0.0,22736.7195,382992.3195,1321789.8,2812159.2,350000.0,0.0,2079000.0,207900.0,207900.0,3543056.6805,1992,310000.0,2119000.0,131900.0,0.0,0.0,131900.0,2700.0,0.0,134600.0,725492.3195,3408456.6805,0.17549619492161128,0.8245038050783887,92.675,4460694.901537632,3677859.9196115457,104.93859721713825,104.2241822635291,101.58879036414983,100.89718067162615,0.05029089618667284,0.032559666314219166,0.05471765616847232,0.03242797625224694,0.0055,0.17549619492161128,0.0
1992,income_year,1992,351587.8333333333,267485.5833333333,84102.25,3209827.0,1009227.0,4219054.0,226200.0,131727.6,0.0,19788.19975,377715.7997499999,1338810.8,2880243.2,350000.0,0.0,2152000.0,215200.0,215200.0,3626138.20025,1993,310000.0,2192000.0,139200.0,0.0,0.0,139200.0,2700.0,0.0,141900.0,734815.7997499999,3484238.20025,0.17416600966709597,0.825833990332904,94.16666666666667,4480411.327433628,3700075.9648672566,107.098952682618,106.54143833188922,102.03781633460753,101.5066482372672,0.05100669486572108,0.033633131976978724,0.05361391439882021,0.031222070160751677,0.004690198264824295,0.174166009667096,-2.7755575615628914e-17
1993,income_year,1993,352296.6666666667,271167.5833333333,81129.08333333333,3254011.0,973549.0,4227560.0,243600.0,140680.2,0.0,17316.991375,401597.191375,1340512.0,2887048.0,350000.0,0.0,2135000.0,213500.0,213500.0,3612462.808625,1994,310000.0,2175000.0,137500.0,0.0,27500.0,110000.0,2700.0,0.0,112700.0,727797.1913749999,3499762.808625,0.17215537836837322,0.8278446216316268,95.25,4438383.202099738,3674291.6625984255,107.31487399851449,107.0161516008308,101.08065909606358,100.79929030048508,0.05050194438399455,0.026658403428928272,0.05762189064141018,0.03327692569709242,0.004096214216947838,0.17215537836837327,-5.551115123125783e-17
1994,income_year,1994,358037.4166666667,277159.5,80877.91666666667,3325914.0,970535.0,4296449.0,249200.0,140671.2,0.0,17185.796,407056.996,1354289.8,2942159.2,350000.0,0.0,2185000.0,218500.0,174800.0,3714592.004,1995,330000.0,2205000.0,120500.0,0.0,18075.0,102400.0,3500.0,0.0,105900.0,687756.996,3608692.0039999997,0.16007568017216078,0.8399243198278391,95.72500000000001,4488324.889004962,3769853.229563854,109.06359296521957,110.3470011250554,102.21804142626914,103.42089441214819,0.04068476083388864,0.02464826185531354,0.058001386726573505,0.0327412707563851,0.003999999999999999,0.1600756801721608,-2.7755575615628914e-17
1995,income_year,1995,362231.5,281616.4166666667,80615.08333333333,3379397.0,967381.0,4346778.0,282036.0,140661.6,0.0,17387.112,440084.712,1409355.6,2937422.4,380000.0,0.0,2117000.0,211700.0,179900.0,3726793.288,1996,330000.0,2167000.0,116700.0,0.0,17505.0,99100.0,3500.0,0.0,102600.0,722584.712,3624193.2879999997,0.16623455626213257,0.8337654437378674,95.46666666666665,4553189.245810056,3796291.851955307,110.3411739560207,110.82100117856282,103.6952757341584,104.1462027486389,0.04138697674461406,0.02360368990548862,0.06488392091797648,0.03235996869405339,0.004,0.16623455626213254,2.7755575615628914e-17
1996,income_year,1996,365442.5833333333,284968.9166666667,80473.66666666667,3419627.0,965684.0,4385311.0,285598.0,140656.8,0.0,17541.244,443796.044,1417062.2000000002,2968248.8,380000.0,0.0,2144000.0,214400.0,182200.0,3759314.9560000002,1997,330000.0,2194000.0,119400.0,0.0,0.0,119400.0,3500.0,0.0,122900.0,748896.044,3636414.9560000002,0.1707737590332818,0.8292262409667183,95.425,4595557.767880535,3810757.0930049783,111.31931833239494,111.1947167550241,104.6601852385437,104.54303734037111,0.04154779444376921,0.028025378359710407,0.06512605377360922,0.032074532456192954,0.004,0.1707737590332818,0.0
1997,income_year,1997,371306.75,288636.9166666667,82669.83333333333,3463643.0,992038.0,4455681.0,296440.0,142416.0,0.0,17822.724,456678.724,1431136.2000000002,3024544.8,380000.0,0.0,2187000.0,218700.0,218700.0,3780302.276,1998,330000.0,2237000.0,123700.0,0.0,17000.0,106700.0,3500.0,0.0,110200.0,785578.7239999999,3670102.276,0.17630946290813906,0.8236905370918609,97.03333333333335,4591907.59189282,3782310.8306423905,113.10563187573331,112.22481151894956,104.57705537393889,103.76265207944098,0.04908340610559867,0.024732470749140256,0.06653079518035515,0.031962790873044995,0.003999999999999999,0.17630946290813906,0.0
1998,income_year,1998,366352.5,287854.4166666667,78498.08333333333,3454253.0,941977.0,4396230.0,296189.0,145625.4,0.0,17584.92,459399.32,1419246.0,2976984.0,380000.0,0.0,2137000.0,213700.0,175700.0,3761130.68,1999,330000.0,2187000.0,118700.0,0.0,17805.0,100800.0,3500.0,0.0,104300.0,739399.3200000001,3656830.6799999997,0.16818940774254307,0.8318105922574569,97.625,4503180.537772087,3745793.2701664534,111.59649266207678,111.81899112277279,102.55636705078264,102.76084152179017,0.03996606183025001,0.02372487335739941,0.0673734085796239,0.033125063975269715,0.003999999999999999,0.16818940774254304,2.7755575615628914e-17
1999,income_year,1999,353564.25,281282.75,72281.5,3375393.0,867378.0,4242771.0,295816.0,145401.6,0.0,16971.084,458188.684,1388554.2000000002,2854216.8,380000.0,0.0,2016000.0,201600.0,161200.0,3623382.316,2000,330000.0,2066000.0,106600.0,0.0,15990.0,90600.0,3500.0,0.0,94100.0,713488.684,3529282.316,0.16816573036819568,0.8318342696318043,97.26666666666667,4361998.97189856,3628460.2289239205,107.70099898512413,107.91880250866932,99.34106880344808,99.54196605623149,0.037994037387358404,0.02217890147735996,0.06972235833609686,0.034270433167380474,0.004,0.1681657303681957,-2.7755575615628914e-17
2000,income_year,2000,355305.5,283847.3333333333,71458.16666666667,3406168.0,857498.0,4263666.0,295767.0,145372.2,0.0,17054.664,458193.864,1392733.2000000002,2870932.8,380000.0,0.0,2032000.0,203200.0,162500.0,3642972.136,2001,330000.0,2082000.0,108200.0,0.0,16230.0,91900.0,3500.0,0.0,95400.0,716093.8640000001,3547572.136,0.1679526173016367,0.8320473826983633,96.39999999999999,4422890.041493776,3680054.082987552,108.23140997685434,108.47807073823283,100.72781464477987,100.95737461685812,0.0381127414764665,0.022375110996030175,0.06936917666627733,0.034095588162862664,0.004,0.1679526173016367,0.0
2001,income_year,2001,351227.6666666667,281884.0833333333,69343.58333333333,3382609.0,832123.0,4214732.0,295640.0,145296.0,0.0,23597.0875,464533.0875,1382946.4,2831785.6,380000.0,0.0,1987000.0,198700.0,158900.0,3591298.9125,2002,330000.0,2037000.0,103700.0,0.0,15555.0,88100.0,3500.0,0.0,91600.0,715033.0875,3499698.9125,0.16965090247731054,0.8303490975226895,95.47500000000001,4414487.562189054,3665565.7632888188,106.98924048801366,107.01419777773663,100.53645483930825,100.55990689317554,0.03770109226399211,0.021733291701583873,0.07014443622987179,0.03447336627809312,0.005598716003769635,0.16965090247731054,0.0
2002,income_year,2002,343217.5,278873.0833333333,64344.416666666664,3346477.0,772133.0,4118610.0,295340.0,145116.0,0.0,25934.34575,466390.34575,1363722.0,2754888.0,380000.0,0.0,1908000.0,190800.0,152600.0,3499619.65425,2003,330000.0,1958000.0,97900.0,0.0,14685.0,83200.0,3500.0,0.0,86700.0,705690.34575,3412919.65425,0.17134187159017242,0.8286581284098277,94.5,4358317.46031746,3611555.1896825396,104.54922300310861,104.36065159060564,99.25722529554382,99.0781988557725,0.03705133528059224,0.02105079140778078,0.07170865898931922,0.035234217369452314,0.006296868543027866,0.17134187159017242,0.0
2003,income_year,2003,341789.9166666667,278748.25,63041.666666666664,3344979.0,756500.0,4101479.0,295310.4,170016.0,0.0,28710.353,494036.753,1360295.8,2741183.2,380000.0,0.0,1867000.0,186700.0,149300.0,3458142.247,2004,330000.0,1917000.0,95850.0,0.0,14377.5,81400.0,4000.0,0.0,85400.0,728736.753,3372742.247,0.1776765778881228,0.8223234221118771,94.18333333333334,4354782.162449124,3581039.3703769245,104.11435960519857,103.13210218874387,99.17671168904332,98.24103806087562,0.03640150297002618,0.020821757224649937,0.07200095380227474,0.04145236389117194,0.007,0.1776765778881228,0.0
2004,income_year,2004,333219.0,272360.9166666667,60858.083333333336,3268331.0,730297.0,3998628.0,279843.85,167690.0,0.0,27990.396,475524.246,1339725.6,2658902.4,380000.0,0.0,1803000.0,180300.0,144200.0,3378903.754,2005,330000.0,1853000.0,92650.0,0.0,13897.5,78700.0,4000.0,0.0,82700.0,702424.246,3296203.7539999997,0.1756663150460608,0.8243336849539391,94.18333333333334,4245579.189523978,3499773.938064059,101.5035292194391,100.79169930486809,96.68970054649454,96.01162933252606,0.036062369392701694,0.020682093958227673,0.06998496734379892,0.041936884351332505,0.007,0.17566631504606078,2.7755575615628914e-17
2005,income_year,2005,335498.5,273337.4166666667,62161.083333333336,3280049.0,745933.0,4025982.0,288566.52,168264.0,0.0,31387.84375,488218.36375,1345196.4,2680785.6,380000.0,0.0,1812000.0,181200.0,144900.0,3392863.63625,2006,330000.0,1862000.0,93100.0,0.0,6982.5,86100.0,4000.0,0.0,90100.0,723218.36375,3302763.63625,0.1796377539069971,0.8203622460930029,93.8,4292091.684434968,3521069.974680171,102.19789927293459,100.99228814238003,97.7489857473715,96.59585768842071,0.03599121903674681,0.02237963309324284,0.07167605816419448,0.04179452367149183,0.007796319941321148,0.17963775390699713,-2.7755575615628914e-17
2006,income_year,2006,336304.5833333333,273141.0833333333,63163.5,3277693.0,757962.0,4035655.0,296698.5,168756.0,0.0,32285.24,497739.74,1347131.0,2688524.0,380000.0,0.0,1810000.0,181000.0,162900.0,3375015.26,2007,330000.0,1860000.0,186000.0,2500.0,0.0,183500.0,4000.0,0.0,187500.0,848139.74,3187515.26,0.2101616069758193,0.7898383930241807,94.10000000000001,4288687.566418703,3387370.0956429327,102.44344440444961,97.46820997510412,97.6714596580149,92.92797986113804,0.040365194745338735,0.046460859513511435,0.07351929240730438,0.041816260309664725,0.008,0.21016160697581932,-2.7755575615628914e-17
2007,income_year,2007,330514.6666666667,269939.0,60575.666666666664,3239268.0,726908.0,3966176.0,284048.97,157686.0,0.0,25416.69,467151.66,1333235.2000000002,2632940.8,380000.0,0.0,1785000.0,89250.0,89200.0,3409824.34,2008,330000.0,1835000.0,183500.0,2500.0,0.0,181000.0,4000.0,0.0,185000.0,741351.6599999999,3224824.34,0.18691849781754513,0.8130815021824548,94.175,4211495.61985665,3424289.1850278736,100.67974853010536,98.60905133484648,95.91347426556183,93.94080582877243,0.022490176936172272,0.04664442525999855,0.0716178429802409,0.0397576910353953,0.0064083616057381216,0.18691849781754516,-2.7755575615628914e-17
2008,income_year,2008,331680.5833333333,270971.6666666667,60708.916666666664,3251660.0,728507.0,3980167.0,309144.92,167608.0,0.0,23881.002,500633.922,1336033.4,2644133.6,380000.0,0.0,1763000.0,88150.0,88100.0,3391433.0779999997,2009,330000.0,1813000.0,181300.0,2500.0,0.0,178800.0,4000.0,0.0,182800.0,771533.922,3208633.0779999997,0.19384461054021102,0.8061553894597889,95.68333333333334,4159728.618707542,3353387.6446612086,101.03490431786786,98.11395305432,94.73452185038887,91.99571665065397,0.022134749622314844,0.0459277211232594,0.07767134394109594,0.04211079585354082,0.006,0.19384461054021102,0.0
2009,income_year,2009,316145.3333333333,263087.3333333333,53058.0,3157048.0,636696.0,3793744.0,290676.66,153996.0,0.0,16753.5,461426.16,1298748.8,2494995.2,380000.0,0.0,1653000.0,82650.0,82600.0,3249717.84,2010,330000.0,1703000.0,170300.0,2500.0,0.0,167800.0,4000.0,0.0,171800.0,715826.1599999999,3077917.84,0.18868594190857368,0.8113140580914263,94.25,4025192.572944297,3265695.3209549068,96.30263304190133,94.11692740107507,91.67057005562418,89.58999473032485,0.02177268682335972,0.045285079857786924,0.07661999860823503,0.04059209055750731,0.004416086061684711,0.18868594190857368,0.0
2010,income_year,2010,318146.25,263933.5833333333,54212.666666666664,3167203.0,650552.0,3817755.0,298436.45,173095.0,0.0,21322.9285,492854.3785,1303551.0,2514204.0,380000.0,0.0,1641000.0,82050.0,82000.0,3242900.6215,2011,330000.0,1691000.0,169100.0,2500.0,0.0,166600.0,4000.0,0.0,170600.0,745454.3785,3072300.6215,0.1952598787769252,0.8047401212230748,93.53333333333335,4081705.274411974,3284711.9973271554,96.91214241363782,93.9451634446465,92.95760203360874,90.11169187856949,0.02147859147588046,0.044685947631526904,0.07817066574465883,0.045339473067286924,0.005585200857572055,0.19525987877692516,2.7755575615628914e-17
2011,income_year,2011,317604.25,263046.25,54558.0,3156555.0,654696.0,3811251.0,305434.05,178849.0,0.0,22867.506,507150.556,1302250.2000000002,2509000.8,380000.0,0.0,1621000.0,81050.0,81000.0,3223100.444,2012,330000.0,1671000.0,167100.0,2500.0,0.0,164600.0,4000.0,0.0,168600.0,756750.556,3054500.444,0.19855699768921017,0.8014430023107898,93.25,4087132.439678284,3275603.6932975873,96.74704104535769,93.40086756003194,93.08120142040399,89.8618177078913,0.021252864217024804,0.044237443296177556,0.08014010360377734,0.046926586572230485,0.006,0.1985569976892102,-2.7755575615628914e-17
2012,income_year,2012,315157.3333333333,262541.25,52616.083333333336,3150495.0,631393.0,3781888.0,310123.35,186200.0,0.0,19697.06375,516020.4137499999,1296377.6,2485510.4,380000.0,0.0,1589000.0,79450.0,79400.0,3186467.58625,2013,330000.0,1639000.0,163900.0,2500.0,0.0,161400.0,4000.0,0.0,165400.0,760820.4137499998,3021067.58625,0.20117476079407953,0.7988252392059205,93.26666666666667,4054919.2280200142,3239171.822283774,96.00167335212132,92.37855377219307,92.34757106048409,88.8623579263251,0.020994804711297638,0.04373476951194747,0.08200225654487917,0.049234667975360455,0.005208262050594836,0.20117476079407953,0.0
2013,income_year,2013,315769.4166666667,261747.41666666666,54022.0,3140969.0,648264.0,3789233.0,318285.72,188400.0,0.0,18946.165,525631.885,1297846.6,2491386.4,380000.0,0.0,1585000.0,79250.0,80900.0,3182701.115,2014,330000.0,1635000.0,163500.0,2500.0,0.0,161000.0,5000.0,0.0,166000.0,772531.885,3016701.115,0.2038755296916289,0.7961244703083712,93.71666666666665,4043286.1461853106,3218959.041436956,96.18812315993459,92.24503530971354,92.08263684330925,88.30784724741028,0.021349967130551224,0.043808337993467276,0.08399740000153065,0.049719824566079734,0.005,0.2038755296916289,0.0
2014,income_year,2014,318848.1666666667,262834.0,56014.166666666664,3154008.0,672170.0,3826178.0,327030.72,189600.0,0.0,19130.89,535761.61,1305235.6,2520942.4,380000.0,0.0,1605000.0,80250.0,81900.0,3208516.39,2015,330000.0,1655000.0,165500.0,2500.0,0.0,163000.0,5000.0,0.0,168000.0,785661.61,3040516.39,0.20533848921822245,0.7946615107817776,96.84166666666665,3950962.567765253,3139677.8831425873,97.12595680862913,92.97326154079826,89.98004053022126,86.13287442975941,0.021405172472373214,0.04390804609717582,0.08547190433900356,0.04955336630966986,0.005,0.20533848921822248,-2.7755575615628914e-17
2015,income_year,2015,315505.1666666667,260575.0,54930.166666666664,3126900.0,659162.0,3786062.0,332506.99,188900.0,0.0,18930.31,540337.3,1297212.4,2488849.6,380000.0,0.0,1568000.0,78400.0,80000.0,3165724.7,2016,330000.0,1618000.0,161800.0,2500.0,0.0,159300.0,5000.0,0.0,164300.0,784637.3,3001424.7,0.20724364788532254,0.7927563521146775,97.8,3871229.0388548058,3068941.411042945,96.10762862752125,91.77791132647437,88.16417261451038,84.19231367934756,0.02113013468876104,0.04339601411704298,0.0878239685456815,0.04989353053383701,0.005,0.2072436478853225,2.7755575615628914e-17
2016,income_year,2016,317503.1666666667,261181.83333333334,56321.333333333336,3134182.0,675856.0,3810038.0,340634.45,189700.0,0.0,16023.6975,546358.1475,1302007.6,2508030.4,380000.0,0.0,1581000.0,79050.0,80700.0,3182979.8525,2017,330000.0,1631000.0,163100.0,2500.0,0.0,160600.0,5000.0,0.0,165600.0,792658.1475,3017379.8525,0.20804468288767722,0.7919553171123228,97.70833333333333,3899399.2324093813,3088149.9556503203,96.7162495386351,92.26578982342463,88.80572644204223,84.71927447667288,0.021180891109222534,0.04346413342859048,0.08940447575588485,0.04978952965823438,0.004205652935744998,0.20804468288767722,0.0
2017,income_year,2017,319040.8333333333,262401.5,56639.333333333336,3148818.0,679672.0,3828490.0,346089.79,189900.0,0.0,12272.6745,548262.4645,1305698.0,2522792.0,380000.0,0.0,1594000.0,79700.0,81300.0,3198927.5355,2018,330000.0,1644000.0,164400.0,2500.0,0.0,161900.0,5000.0,0.0,166900.0,796462.4645,3032027.5355,0.2080356653667634,0.7919643346332367,98.30833333333334,3894369.7550224634,3084201.9518521656,97.18464597890338,92.71368836691043,88.69118408145067,84.61096625906225,0.021235526277984272,0.043594210772393296,0.09039850959516675,0.04960180123233964,0.0032056174888794274,0.20803566536676338,2.7755575615628914e-17
2018,income_year,2018,323232.0833333333,264566.0,58666.083333333336,3174792.0,703993.0,3878785.0,349713.0,191100.0,0.0,11636.355,552449.355,1315757.0,2563028.0,380000.0,0.0,1630000.0,81500.0,83200.0,3243135.645,2019,330000.0,1680000.0,168000.0,2500.0,0.0,165500.0,5000.0,0.0,170500.0,806149.355,3072635.645,0.20783553483887351,0.7921644651611265,99.48333333333333,3898929.4689227673,3088593.3774501593,98.46136389367106,93.95540783194541,88.7950279510188,84.73143916223187,0.02145001591993369,0.04395706387438334,0.09016044972845878,0.04926800531609769,0.003,0.20783553483887351,0.0
2019,income_year,2019,322227.9166666667,264170.8333333333,58057.083333333336,3170050.0,696685.0,3866735.0,349164.0,190800.0,0.0,11600.205,551564.205,1313347.0,2553388.0,380000.0,0.0,1621000.0,81050.0,82700.0,3232470.795,2020,330000.0,1671000.0,167100.0,2500.0,0.0,164600.0,5000.0,0.0,169600.0,803864.205,3062870.795,0.20789224112849727,0.7921077588715026,100.04166666666667,3865124.531445231,3061595.130362349,98.15547959358257,93.65681712020229,88.02514729733525,83.99077826872951,0.021387553064794975,0.04386129383058317,0.0902994386737131,0.049343955559406065,0.003,0.2078922411284973,-2.7755575615628914e-17
2020,income_year,2020,318299.5833333333,262323.4166666667,55976.166666666664,3147881.0,671714.0,3819595.0,346785.0,189500.0,0.0,11458.785,547743.785,1203919.0,2615676.0,480000.0,0.0,1587000.0,79350.0,81000.0,3190851.215,2021,430000.0,1637000.0,163700.0,2500.0,0.0,161200.0,5000.0,0.0,166200.0,794943.785,3024651.215,0.2081225326245322,0.7918774673754678,100.0,3819594.9999999995,3024651.215,96.9588500578007,92.48813438624094,86.98824831019017,82.9772712335225,0.02120643680809091,0.04351246663586061,0.09079103936412107,0.0496125898164596,0.003,0.20812253262453217,2.7755575615628914e-17
2021,income_year,2021,319249.4166666667,263737.25,55512.166666666664,3164847.0,666146.0,3830993.0,346419.0,189300.0,0.0,11492.979,547211.979,1206198.6,2624794.4,480000.0,0.0,1597000.0,79850.0,81500.0,3202281.0209999997,2022,430000.0,1647000.0,164700.0,2500.0,0.0,162200.0,5000.0,0.0,167200.0,795911.979,3035081.0209999997,0.2077560514989195,0.7922439485010805,99.69166666666666,3842841.762099808,3044468.1310708015,97.24818360571844,92.80705819939553,87.51767488917199,83.52092189038638,0.021273857717829293,0.04364403693768169,0.09042538057365283,0.04941277626975565,0.0029999999999999996,0.20775605149891946,2.7755575615628914e-17
2022,income_year,2022,325527.0,267455.8333333333,58071.166666666664,3209470.0,696854.0,3906324.0,349164.0,190800.0,0.0,14020.561,553984.561,1221264.8,2685059.2,480000.0,0.0,1651000.0,82550.0,84200.0,3268139.4390000002,2023,430000.0,1701000.0,170100.0,2500.0,0.0,167600.0,5000.0,0.0,172600.0,810784.561,3095539.4390000002,0.20755691565778978,0.7924430843422103,102.64999999999999,3805478.811495373,3015625.366780322,99.16043009617206,94.6557626916798,86.6667633069807,82.72965912799356,0.02155479166602668,0.04418476296385041,0.08938429070399691,0.04884387470163765,0.0035891956222781317,0.20755691565778978,0.0
2023,income_year,2023,329417.1666666667,270218.5,59198.666666666664,3242622.0,710384.0,3953006.0,372405.0,203500.0,0.0,22907.3805,598812.3805,1230601.2000000002,2722404.8,480000.0,0.0,1643000.0,82150.0,83800.0,3270393.6195,2024,430000.0,1693000.0,169300.0,2500.0,10000.0,156800.0,4000.0,1000.0,161800.0,844412.3805,3108593.6195,0.21361272421544514,0.7863872757845548,106.58333333333333,3708840.6567630963,2916585.1003909307,100.34543349009164,95.05493493157266,84.46590593857127,80.01262153817915,0.021199057122604923,0.04093087640140187,0.0942080533143638,0.05147981055429716,0.0057949268227774,0.21361272421544514,0.0
2024,income_year,2024,347642.9166666667,281939.5833333333,65703.33333333333,3383275.0,788440.0,4171715.0,379542.0,207400.0,0.0,25030.29,611972.29,1274343.0,2897372.0,480000.0,0.0,1805000.0,90250.0,61500.0,3498242.71,2025,430000.0,1855000.0,185500.0,2500.0,0.0,183000.0,4000.0,1000.0,188000.0,861472.29,3310242.71,0.20650315038299596,0.7934968496170041,109.97500000000001,3793330.302341441,3009995.6444646507,105.89727161358158,101.22098412380234,86.39009064119261,82.57521520624806,0.014742138425084168,0.04506539876285892,0.09097984881517554,0.04971576437987734,0.006,0.206503150382996,-2.7755575615628914e-17
2025,income_year,2025,355636.1666666667,287408.3333333333,68227.83333333333,3448900.0,818734.0,4267634.0,382287.0,208900.0,0.0,23903.0995,615090.0995,1293526.8,2974107.2,880000.0,0.0,1479000.0,73950.0,75500.0,3577043.9005,2026,430000.0,1929000.0,192900.0,2500.0,0.0,190400.0,4000.0,1000.0,195400.0,885990.0995,3381643.9005,0.2076068612022493,0.7923931387977506,114.02499999999999,3742717.825038369,2965703.9250164437,108.33213602687518,103.40429797815747,85.23743159141547,81.36013096783185,0.01769130155022666,0.04578649434323562,0.08957820656598012,0.04894983965354105,0.005601019089265856,0.2076068612022493,0.0
